,patient_id,age,hypertension,diabetes,obesity,family_history_cvd,tcm_use,blood_pressure,chronic_kidney_disease,previous_heart_attack,cvd_risk_score,heart_attack
count,239266.0,239266.0,239266.0,239266.0,239266.0,239266.0,239266.0,239266.0,239266.0,239266.0,239266.0,239266.0
mean,119633.5,59.46628438641512,0.27044795332391564,0.11063836901189471,0.2998545551812627,0.24878587011944864,0.39837252263171535,134.51337841565456,0.14907675975692325,0.1001395935903973,54.4855809015907,0.12150075648023538
std,69070.28909137899,17.348307902555703,0.44419216843614107,0.3136844458423161,0.45819502219359387,0.43231035386041466,0.4895639463279531,25.9918265466446,0.35616486299834843,0.30018666193649024,25.987742815519862,0.3267089970664819
min,1.0,30.0,0.0,0.0,0.0,0.0,0.0,90.0,0.0,0.0,10.0,0.0
25%,59817.25,44.0,0.0,0.0,0.0,0.0,0.0,112.0,0.0,0.0,32.0,0.0
50%,119633.5,59.0,0.0,0.0,0.0,0.0,0.0,135.0,0.0,0.0,54.0,0.0
75%,179449.75,75.0,1.0,0.0,1.0,0.0,1.0,157.0,0.0,0.0,77.0,0.0
max,239266.0,89.0,1.0,1.0,1.0,1.0,1.0,179.0,1.0,1.0,99.0,1.0
